City_ID,City,Country,Date,Lat,Lng,Max Temp,Humidity,Cloudiness,Wind Speed
0,Avarua,CK,2022-11-23 03:35:31,-21.2078,-159.775,74.75,78,100,19.17
1,Albany,US,2022-11-23 03:35:56,42.6001,-73.9662,37.54,71,17,4.29
2,Busselton,AU,2022-11-23 03:39:58,-33.65,115.3333,76.51,48,27,10.02
3,Saskylakh,RU,2022-11-23 03:39:59,71.9167,114.0833,-38.7,100,56,1.68
4,Kokopo,PG,2022-11-23 03:39:59,-4.352,152.2633,86.72,58,86,7.05
5,Katsuura,JP,2022-11-23 03:40:00,35.1333,140.3,57.22,89,100,20.49
6,Kijang,KR,2022-11-23 03:40:00,35.2442,129.2139,62.33,60,84,6.6
7,Acarau,BR,2022-11-23 03:40:00,-2.8856,-40.12,78.67,78,24,16.69
8,Omboue,GA,2022-11-23 03:40:01,-1.5746,9.2618,76.15,91,100,2.89
9,Mataura,NZ,2022-11-23 03:40:02,-46.1927,168.8643,60.48,31,79,7.56
10,Provideniya,RU,2022-11-23 03:40:02,64.3833,-173.3,14.11,57,20,17.9
11,Penzance,GB,2022-11-23 03:36:36,50.1186,-5.5371,54.28,78,89,34.31
12,Puerto Ayora,EC,2022-11-23 03:40:03,-0.7393,-90.3518,68.56,96,51,1.99
13,Chuy,UY,2022-11-23 03:40:05,-33.6971,-53.4616,54.27,92,32,4.7
14,Cidreira,BR,2022-11-23 03:40:06,-30.1811,-50.2056,67.03,92,100,7.87
15,Bluff,NZ,2022-11-23 03:40:06,-46.6,168.3333,60.8,59,81,6.58
16,Shache,CN,2022-11-23 03:40:07,38.4167,77.2406,50.27,19,0,5.35
17,Lebu,CL,2022-11-23 03:40:07,-37.6167,-73.65,57.24,90,94,12.48
18,Ostrovnoy,RU,2022-11-23 03:40:08,68.0531,39.5131,35.73,77,97,8.97
19,Airai,TL,2022-11-23 03:40:08,-8.9266,125.4092,72.07,73,88,0.49
20,Rikitea,PF,2022-11-23 03:40:09,-23.1203,-134.9692,73.17,86,38,10.98
21,Tallahassee,US,2022-11-23 03:40:10,30.4383,-84.2807,60.01,85,100,5.97
22,Jacareacanga,BR,2022-11-23 03:40:10,-6.2222,-57.7528,72.99,99,100,3.04
23,Ushuaia,AR,2022-11-23 03:40:11,-54.8,-68.3,40.66,87,75,35.68
24,Tautira,PF,2022-11-23 03:40:11,-17.7333,-149.15,76.42,86,100,12.33
25,Xuddur,SO,2022-11-23 03:40:12,4.1213,43.8894,70.56,84,10,15.05
26,Victoria,HK,2022-11-23 03:36:37,22.2855,114.1577,78.85,89,100,8.01
27,Makakilo City,US,2022-11-23 03:40:12,21.3469,-158.0858,79.12,60,20,9.22
28,Verkhnyaya Inta,RU,2022-11-23 03:40:13,65.9811,60.3094,-10.66,95,31,7.76
29,Beloha,MG,2022-11-23 03:40:14,-25.1667,45.05,72.55,71,5,15.17
30,Mezen,RU,2022-11-23 03:40:14,65.8522,44.24,16.45,95,25,5.01
31,Vigia Del Fuerte,CO,2022-11-23 03:40:15,6.5789,-76.8863,71.94,99,75,2.71
32,Teguldet,RU,2022-11-23 03:40:15,57.3064,88.1667,2.55,89,100,11.5
33,Touros,BR,2022-11-23 03:40:16,-5.1989,-35.4608,78.75,67,100,13.73
34,Yar-Sale,RU,2022-11-23 03:40:17,66.8333,70.8333,-0.17,97,100,10.18
35,Udachnyy,RU,2022-11-23 03:40:17,66.4167,112.4,-8.97,97,100,2.59
36,Barrow,US,2022-11-23 03:40:18,71.2906,-156.7887,10.42,85,100,17.27
37,Mgandu,TZ,2022-11-23 03:40:18,-5.95,34.1333,63.01,80,100,3.85
38,Dikson,RU,2022-11-23 03:40:19,73.5069,80.5464,-17.14,93,89,6.6
39,Jamestown,US,2022-11-23 03:40:19,42.097,-79.2353,40.71,52,20,9.22
40,Mahebourg,MU,2022-11-23 03:40:20,-20.4081,57.7,80.26,83,40,3.44
41,Kodiak,US,2022-11-23 03:40:20,57.79,-152.4072,31.51,59,100,12.66
42,Bandarbeyla,SO,2022-11-23 03:40:20,9.4942,50.8122,77.52,69,60,14.54
43,Mehamn,NO,2022-11-23 03:40:21,71.0357,27.8492,28.35,86,7,12.66
44,Tuktoyaktuk,CA,2022-11-23 03:40:22,69.4541,-133.0374,15.8,92,100,13.8
45,Hermanus,ZA,2022-11-23 03:40:22,-34.4187,19.2345,54.81,77,3,7.0
46,Codrington,AU,2022-11-23 03:40:22,-38.2667,141.9667,59.61,69,75,14.65
47,Ponta Do Sol,PT,2022-11-23 03:40:23,32.6667,-17.1,67.71,77,31,2.46
48,Cape Town,ZA,2022-11-23 03:40:01,-33.9258,18.4232,61.27,90,20,10.36
49,Hengyang,CN,2022-11-23 03:40:24,26.8881,112.615,60.73,77,100,6.69
50,Atuona,PF,2022-11-23 03:36:42,-9.8,-139.0333,78.53,70,38,17.78
51,Ensenada,MX,2022-11-23 03:40:24,31.8667,-116.6167,58.33,50,36,2.1
52,Koson,UZ,2022-11-23 03:40:25,39.0375,65.585,44.92,38,57,6.38
53,San Carlos De Bariloche,AR,2022-11-23 03:35:43,-41.1456,-71.3082,58.75,55,40,18.41
54,Punta Arenas,CL,2022-11-23 03:40:25,-53.15,-70.9167,44.71,70,40,27.63
55,Warmbad,NA,2022-11-23 03:40:26,-28.45,18.7333,64.49,42,0,7.07
56,Qujing,CN,2022-11-23 03:40:26,25.4833,103.7833,66.13,50,80,13.6
57,Atar,MR,2022-11-23 03:40:27,20.5169,-13.0499,63.5,22,0,8.01
58,Kahului,US,2022-11-23 03:36:03,20.8947,-156.47,78.82,71,20,18.41
59,Jumla,NP,2022-11-23 03:39:05,29.2747,82.1838,57.87,19,0,2.17
60,Luderitz,NA,2022-11-23 03:40:27,-26.6481,15.1594,59.76,82,0,4.72
61,Richards Bay,ZA,2022-11-23 03:36:56,-28.783,32.0377,73.65,79,71,11.7
62,Hovd,MN,2022-11-23 03:40:28,48.0056,91.6419,29.73,35,100,7.4
63,Ewa Beach,US,2022-11-23 03:40:29,21.3156,-158.0072,80.55,60,20,9.22
64,Xinyu,CN,2022-11-23 03:40:29,27.8043,114.9334,66.07,65,55,7.11
65,Rawson,AR,2022-11-23 03:40:30,-43.3002,-65.1023,70.63,42,88,14.47
66,San Cristobal,VE,2022-11-23 03:40:30,7.7669,-72.225,69.98,96,19,1.9
67,Ancud,CL,2022-11-23 03:40:31,-41.8697,-73.8203,58.23,99,100,8.28
68,Nikolskoye,RU,2022-11-23 03:40:31,59.7035,30.7861,26.49,94,100,6.89
69,Huilong,CN,2022-11-23 03:40:32,31.8111,121.655,62.65,69,20,12.08
70,Severo-Kurilsk,RU,2022-11-23 03:40:32,50.6789,156.125,33.49,66,77,29.77
71,Necochea,AR,2022-11-23 03:40:32,-38.5473,-58.7368,59.43,47,70,12.88
72,Abha,SA,2022-11-23 03:40:33,18.2164,42.5053,49.82,62,0,0.0
73,Aklavik,CA,2022-11-23 03:40:33,68.2191,-135.0107,14.16,95,100,11.97
74,Mpwapwa,TZ,2022-11-23 03:40:34,-6.35,36.4833,66.92,87,65,3.51
75,Ugoofaaru,MV,2022-11-23 03:40:34,5.6667,73.0,81.52,72,36,13.06
76,Lompoc,US,2022-11-23 03:40:35,34.6391,-120.4579,59.85,84,0,9.22
77,Aquiraz,BR,2022-11-23 03:40:35,-3.9014,-38.3911,80.69,76,35,13.27
78,Maracacume,BR,2022-11-23 03:40:35,-2.0428,-45.9592,74.03,97,30,2.89
79,Upernavik,GL,2022-11-23 03:40:36,72.7868,-56.1549,18.59,81,70,4.83
80,Kaitangata,NZ,2022-11-23 03:40:36,-46.2817,169.8464,55.4,70,76,11.77
81,Adrar,MR,2022-11-23 03:40:37,20.5022,-10.0711,57.92,19,0,10.4
82,Galeana,MX,2022-11-23 03:40:37,24.8333,-100.0667,51.21,92,68,4.5
83,Eureka,US,2022-11-23 03:37:44,40.8021,-124.1637,56.19,92,100,1.01
84,Howard Springs,AU,2022-11-23 03:40:37,-12.497,131.047,92.82,77,99,2.3
85,Inhambane,MZ,2022-11-23 03:40:38,-23.865,35.3833,69.78,88,40,2.3
86,Chokurdakh,RU,2022-11-23 03:40:39,70.6333,147.9167,-29.02,100,98,3.76
87,Saint-Philippe,RE,2022-11-23 03:40:39,-21.3585,55.7679,78.39,70,51,8.46
88,Mar Del Plata,AR,2022-11-23 03:40:39,-38.0023,-57.5575,55.87,79,0,11.99
89,Berlevag,NO,2022-11-23 03:40:40,70.8578,29.0864,28.4,86,25,9.22
90,La Ronge,CA,2022-11-23 03:40:40,55.1001,-105.2842,30.45,80,20,5.75
91,Carnarvon,AU,2022-11-23 03:40:41,-24.8667,113.6333,78.12,58,0,13.6
92,Freeport,US,2022-11-23 03:40:14,40.6576,-73.5832,47.97,62,0,10.36
93,Komsomolskiy,UZ,2022-11-23 03:40:41,40.4272,71.7189,43.52,93,100,2.3
94,Dali,CN,2022-11-23 03:40:42,25.7,100.1833,63.84,40,22,2.01
95,Am Timan,TD,2022-11-23 03:40:42,11.0297,20.2827,71.19,21,47,5.3
96,Gondar,ET,2022-11-23 03:40:43,12.6,37.4667,55.22,53,9,4.18
97,Bethel,US,2022-11-23 03:40:43,41.3712,-73.414,43.16,62,0,0.0
98,La Reforma,MX,2022-11-23 03:40:43,25.0833,-108.05,67.86,59,4,9.35
99,Vaini,TO,2022-11-23 03:40:44,-21.2,-175.2,82.56,69,75,9.22
100,Ahipara,NZ,2022-11-23 03:40:44,-35.1667,173.1667,64.78,63,1,12.62
101,Hambantota,LK,2022-11-23 03:40:45,6.1241,81.1185,82.6,68,64,13.06
102,Severobaykalsk,RU,2022-11-23 03:40:45,55.65,109.3167,11.84,77,100,1.57
103,New Norfolk,AU,2022-11-23 03:40:46,-42.7826,147.0587,64.92,35,12,7.0
104,Malanje,AO,2022-11-23 03:40:46,-9.5402,16.341,64.04,99,100,1.61
105,Khatanga,RU,2022-11-23 03:40:47,71.9667,102.5,-36.9,100,37,4.47
106,Amalapuram,IN,2022-11-23 03:40:47,16.5833,82.0167,82.29,73,80,9.04
107,Westport,US,2022-11-23 03:40:48,41.1415,-73.3579,47.75,66,0,4.0
108,Pevek,RU,2022-11-23 03:40:48,69.7008,170.3133,-28.07,100,98,5.35
109,Auki,SB,2022-11-23 03:40:48,-8.7676,160.7034,86.02,65,57,3.02
110,Butaritari,KI,2022-11-23 03:40:49,3.0707,172.7902,82.22,71,88,9.6
111,Thompson,CA,2022-11-23 03:40:49,55.7435,-97.8558,24.96,100,100,4.61
112,Qaanaaq,GL,2022-11-23 03:40:50,77.484,-69.3632,10.04,81,47,4.59
113,Alofi,NU,2022-11-23 03:40:50,-19.0595,-169.9187,82.29,100,40,11.5
114,College,US,2022-11-23 03:38:54,64.8569,-147.8028,13.98,86,75,0.0
115,Saint-Francois,FR,2022-11-23 03:40:50,46.4154,3.9054,35.67,93,0,2.3
116,Castro,BR,2022-11-23 03:40:51,-24.7911,-50.0119,59.67,93,100,2.48
117,Ilulissat,GL,2022-11-23 03:40:51,69.2167,-51.1,17.62,93,60,3.44
118,Yerbogachen,RU,2022-11-23 03:40:52,61.2767,108.0108,-13.9,94,76,5.93
119,Raigarh,IN,2022-11-23 03:40:38,21.9,83.4,74.16,40,18,2.48
120,Akot,IN,2022-11-23 03:40:52,21.0964,77.0586,74.21,34,73,1.72
121,Tura,IN,2022-11-23 03:40:52,25.5198,90.2201,73.49,62,3,0.96
122,Georgetown,MY,2022-11-23 03:40:53,5.4112,100.3354,82.33,93,40,6.91
123,Coihueco,CL,2022-11-23 03:40:53,-36.6167,-71.8333,61.5,52,8,5.79
124,Bar Harbor,US,2022-11-23 03:40:54,44.3876,-68.2039,42.91,71,0,5.01
125,Progreso,MX,2022-11-23 03:40:54,21.2833,-89.6667,75.11,86,22,4.16
126,Longyearbyen,SJ,2022-11-23 03:40:55,78.2186,15.6401,37.24,70,40,14.97
127,Port Blair,IN,2022-11-23 03:40:55,11.6667,92.75,82.44,83,75,3.44
128,Olinda,BR,2022-11-23 03:40:56,-8.0089,-34.8553,78.53,78,75,5.75
129,Martinsburg,US,2022-11-23 03:40:56,39.4562,-77.9639,41.99,54,0,4.61
130,Saint George,US,2022-11-23 03:37:37,37.1041,-113.5841,45.19,35,0,0.0
131,Khani,GE,2022-11-23 03:40:57,41.9563,42.9566,38.77,67,26,4.56
132,Cayenne,GF,2022-11-23 03:40:57,4.9333,-52.3333,75.24,94,100,0.0
133,Port Lincoln,AU,2022-11-23 03:40:57,-34.7333,135.8667,62.53,56,96,7.65
134,Gamba,GA,2022-11-23 03:40:58,-2.65,10.0,75.24,91,100,3.91
135,Aykhal,RU,2022-11-23 03:40:58,66.0,111.5,-10.16,98,100,3.42
136,Cervo,ES,2022-11-23 03:40:59,43.6702,-7.4101,59.59,86,100,24.76
137,Riyadh,SA,2022-11-23 03:40:59,24.6877,46.7219,51.94,25,0,0.58
138,Port Alfred,ZA,2022-11-23 03:41:00,-33.5906,26.891,67.82,80,3,6.51
139,Gonbad-E Qabus,IR,2022-11-23 03:41:00,37.25,55.1672,65.35,27,100,5.97
140,Pacific Grove,US,2022-11-23 03:41:01,36.6177,-121.9166,57.54,74,0,5.01
141,Faanui,PF,2022-11-23 03:41:01,-16.4833,-151.75,81.05,71,10,4.83
142,Clyde River,CA,2022-11-23 03:41:01,70.4692,-68.5914,1.63,78,40,13.8
143,Goundam,ML,2022-11-23 03:41:02,16.4145,-3.6708,71.04,15,80,9.37
144,Chernyshevskiy,RU,2022-11-23 03:41:03,63.0128,112.4714,-19.97,99,88,1.05
145,Pokhara,NP,2022-11-23 03:41:03,28.2333,83.9833,68.07,41,0,4.56
146,Muros,ES,2022-11-23 03:41:04,42.7762,-9.0603,60.1,88,100,22.01
147,Miloslavskoye,RU,2022-11-23 03:41:05,53.5815,39.4399,33.96,100,100,6.35
148,Klaksvik,FO,2022-11-23 03:41:05,62.2266,-6.589,40.12,78,97,24.67
149,San Quintin,MX,2022-11-23 03:36:08,30.4833,-115.95,60.4,63,43,6.8
150,Maniitsoq,GL,2022-11-23 03:41:06,65.4167,-52.9,17.6,80,64,11.14
151,East London,ZA,2022-11-23 03:41:06,-33.0153,27.9116,67.14,88,0,9.22
152,Muromtsevo,RU,2022-11-23 03:41:07,56.3724,75.2418,-6.97,93,87,8.41
153,Yellowknife,CA,2022-11-23 03:36:10,62.456,-114.3525,27.12,100,100,6.91
154,Xucheng,CN,2022-11-23 03:41:08,20.35,110.1288,79.79,80,73,11.21
155,Chunskiy,RU,2022-11-23 03:41:08,56.0815,99.6342,24.08,84,100,8.52
156,Bambous Virieux,MU,2022-11-23 03:41:09,-20.3428,57.7575,80.22,83,40,3.44
157,Talcahuano,CL,2022-11-23 03:39:02,-36.7167,-73.1167,56.88,88,0,10.36
158,Sergeyevka,KZ,2022-11-23 03:41:09,53.88,67.4158,-0.2,98,27,2.21
159,Ribeira Grande,PT,2022-11-23 03:41:10,38.5167,-28.7,60.78,83,100,5.01
160,Moose Factory,CA,2022-11-23 03:41:11,51.2585,-80.6094,12.2,85,0,4.61
161,Kapaa,US,2022-11-23 03:41:11,22.0752,-159.319,80.58,80,75,14.97
162,Tuatapere,NZ,2022-11-23 03:41:12,-46.1333,167.6833,60.1,44,92,8.43
163,Olbia,IT,2022-11-23 03:41:12,40.9214,9.4856,57.25,72,75,17.27
164,Saint-Augustin,CA,2022-11-23 03:41:13,51.226,-58.6502,13.62,86,98,9.37
165,Opuwo,NA,2022-11-23 03:41:13,-18.0607,13.84,71.29,47,98,2.06
166,Yaan,NG,2022-11-23 03:41:14,7.3833,8.5667,70.52,37,7,2.62
167,Pisco,PE,2022-11-23 03:41:14,-13.7,-76.2167,66.25,88,0,4.61
168,Olafsvik,IS,2022-11-23 03:41:15,64.8945,-23.7142,38.5,69,39,20.56
169,Shahpur,IN,2022-11-23 03:41:15,16.7,76.8333,76.15,62,100,7.29
170,Tolaga Bay,NZ,2022-11-23 03:41:16,-38.3667,178.3,72.91,37,4,9.26
171,Guerrero Negro,MX,2022-11-23 03:41:16,27.9769,-114.0611,63.68,56,83,10.02
172,Sao Felix Do Xingu,BR,2022-11-23 03:38:31,-6.6447,-51.995,71.58,93,70,0.4
173,Isangel,VU,2022-11-23 03:37:47,-19.55,169.2667,86.11,74,81,9.22
174,Lusambo,CD,2022-11-23 03:41:17,-4.9667,23.45,67.87,99,100,0.89
175,Ust-Maya,RU,2022-11-23 03:41:17,60.4167,134.5333,-14.01,94,100,0.76
176,Strezhevoy,RU,2022-11-23 03:41:18,60.7333,77.5889,-16.37,93,13,8.75
177,Saravan,AM,2022-11-23 03:41:18,39.7196,45.6483,40.24,46,84,2.95
178,Sola,VU,2022-11-23 03:41:19,-13.8833,167.55,86.67,79,75,14.97
179,Longyan,CN,2022-11-23 03:41:20,25.1072,117.0225,70.07,92,100,2.21
180,Ixtapa,MX,2022-11-23 03:38:38,20.7,-105.2,74.23,88,0,0.0
181,Kavieng,PG,2022-11-23 03:41:20,-2.5744,150.7967,86.0,59,37,12.57
182,Portland,US,2022-11-23 03:40:46,45.5234,-122.6762,51.6,93,75,5.01
183,Vila Do Maio,CV,2022-11-23 03:41:21,15.1333,-23.2167,75.99,71,15,19.24
184,Ponta Delgada,PT,2022-11-23 03:41:22,37.7333,-25.6667,65.12,82,75,12.66
185,Yabelo,ET,2022-11-23 03:41:22,4.8833,38.0833,57.61,75,68,6.85
186,Severo-Yeniseyskiy,RU,2022-11-23 03:41:23,60.3725,93.0408,-1.77,95,100,1.9
187,Salinas,US,2022-11-23 03:38:05,36.6777,-121.6555,57.96,64,0,3.44
188,Obo,CF,2022-11-23 03:41:24,5.3998,26.4869,68.94,92,99,2.71
189,Esperance,AU,2022-11-23 03:41:24,-33.8667,121.9,78.91,39,65,7.76
190,Axim,GH,2022-11-23 03:41:25,4.8699,-2.2405,77.11,83,28,5.03
191,Port Elizabeth,ZA,2022-11-23 03:41:25,-33.918,25.5701,64.69,94,0,3.44
192,Dukat,RU,2022-11-23 03:41:26,62.55,155.55,-9.53,99,100,7.72
193,Cururupu,BR,2022-11-23 03:41:26,-1.8283,-44.8683,75.06,92,14,3.11
194,Buala,SB,2022-11-23 03:41:27,-8.145,159.5921,85.23,67,92,6.35
195,Gizeh,EG,2022-11-23 03:40:38,30.0081,31.2109,63.34,79,0,7.0
196,Hobart,AU,2022-11-23 03:37:07,-42.8794,147.3294,65.26,43,0,12.66
197,Vangaindrano,MG,2022-11-23 03:41:28,-23.35,47.6,71.53,89,100,1.92
198,Havre-Saint-Pierre,CA,2022-11-23 03:41:28,50.2334,-63.5986,24.8,68,100,12.66
199,Mucurapo,TT,2022-11-23 03:41:29,10.6667,-61.5333,74.01,88,41,9.66
200,Wukari,NG,2022-11-23 03:41:30,7.85,9.7833,68.85,32,2,4.92
201,Umm Lajj,SA,2022-11-23 03:41:31,25.0213,37.2685,77.9,57,57,9.55
202,Tezu,IN,2022-11-23 03:41:31,27.9167,96.1667,76.19,31,2,3.33
203,Tiksi,RU,2022-11-23 03:41:32,71.6872,128.8694,-23.8,100,97,3.42
204,Petropavlovsk-Kamchatskiy,RU,2022-11-23 03:41:32,53.0452,158.6483,30.79,80,75,11.18
205,Klyuchi,RU,2022-11-23 03:41:33,52.2667,79.1667,7.23,77,96,11.99
206,Awbari,LY,2022-11-23 03:41:33,26.5921,12.7805,53.69,29,0,7.14
207,Nuuk,GL,2022-11-23 03:41:05,64.1835,-51.7216,13.73,88,91,6.91
208,Hilo,US,2022-11-23 03:40:45,19.7297,-155.09,74.93,78,100,0.0
209,Erzurum,TR,2022-11-23 03:41:34,40.0,41.5,38.88,78,8,3.22
210,Cabedelo,BR,2022-11-23 03:41:34,-6.9811,-34.8339,75.87,74,95,13.22
211,Oranjemund,NA,2022-11-23 03:41:35,-28.55,16.4333,57.97,86,2,1.16
212,Buraydah,SA,2022-11-23 03:41:35,26.326,43.975,55.85,31,37,9.15
213,Asau,RO,2022-11-23 03:41:35,46.4333,26.4,36.52,89,99,1.59
214,Nome,US,2022-11-23 03:41:36,64.5011,-165.4064,21.27,86,100,4.61
215,Netrakona,BD,2022-11-23 03:41:36,24.8833,90.7167,74.71,61,6,4.25
216,Lodja,CD,2022-11-23 03:41:37,-3.4833,23.4333,68.16,99,100,1.12
217,Arraial Do Cabo,BR,2022-11-23 03:41:37,-22.9661,-42.0278,73.13,89,100,22.68
218,Senanga,ZM,2022-11-23 03:41:37,-16.1167,23.2667,68.38,82,99,4.99
219,Caravelas,BR,2022-11-23 03:41:38,-17.7125,-39.2481,71.2,89,100,2.35
220,Crossville,US,2022-11-23 03:41:38,35.949,-85.0269,41.95,57,0,0.0
221,Elko,US,2022-11-23 03:41:39,41.0002,-115.5012,21.22,79,73,5.99
222,Cabo San Lucas,MX,2022-11-23 03:38:31,22.8909,-109.9124,73.51,73,0,5.75
223,Tazovskiy,RU,2022-11-23 03:41:39,67.4667,78.7,-27.09,99,92,2.1
224,Narsaq,GL,2022-11-23 03:41:40,60.9167,-46.05,43.02,75,100,5.28
225,Andenes,NO,2022-11-23 03:41:40,69.3143,16.1194,33.78,75,38,13.8
226,Zeya,RU,2022-11-23 03:41:40,53.75,127.2667,6.66,87,100,2.77
227,Banbury,GB,2022-11-23 03:41:41,52.0602,-1.3403,42.1,94,65,1.01
228,Lasa,IT,2022-11-23 03:41:41,46.6166,10.7002,36.48,94,75,6.51
229,Pangnirtung,CA,2022-11-23 03:41:42,66.1451,-65.7125,-1.8,66,35,6.2
230,Gigmoto,PH,2022-11-23 03:41:42,13.7796,124.39,84.06,78,97,8.14
231,Constitucion,CL,2022-11-23 03:41:42,-35.3333,-72.4167,60.69,73,18,12.82
232,Calvinia,ZA,2022-11-23 03:41:43,-31.4707,19.776,58.96,40,1,4.52
233,Arvi,IN,2022-11-23 03:41:43,20.9833,78.2333,74.39,34,82,6.22
234,San Pedro De Macoris,DO,2022-11-23 03:37:55,18.4616,-69.2972,75.81,91,1,8.25
235,Cherskiy,RU,2022-11-23 03:41:44,68.75,161.3,-37.75,100,33,0.45
236,Broome,US,2022-11-23 03:41:44,42.2506,-75.833,37.17,74,7,3.0
237,Fairbanks,US,2022-11-23 03:41:45,64.8378,-147.7164,13.98,86,75,0.0
238,Miram Shah,PK,2022-11-23 03:41:45,33.0086,70.0697,61.92,20,0,5.21
239,Tasiilaq,GL,2022-11-23 03:41:45,65.6145,-37.6368,35.76,79,100,21.18
240,Christchurch,NZ,2022-11-23 03:41:46,-43.5333,172.6333,71.8,26,23,20.71
241,Parana,AR,2022-11-23 03:41:46,-31.732,-60.5238,62.55,93,2,6.85
242,Caninde,BR,2022-11-23 03:41:47,-4.3589,-39.3117,75.43,74,8,3.58
243,Lebanon,US,2022-11-23 03:41:31,36.2081,-86.2911,49.21,62,40,0.0
244,Torrington,US,2022-11-23 03:41:47,41.8007,-73.1212,39.2,71,11,1.01
245,Sulangan,PH,2022-11-23 03:41:48,11.1373,123.7228,83.8,73,76,5.99
246,Labuhan,ID,2022-11-23 03:41:48,-6.8844,112.2051,87.13,61,100,4.32
247,Svinninge,DK,2022-11-23 03:41:48,55.7211,11.4655,39.54,99,100,14.5
248,Lawang,ID,2022-11-23 03:41:49,-7.8353,112.6947,82.26,67,100,0.25
249,Vardo,NO,2022-11-23 03:41:49,70.3705,31.1107,30.18,86,20,9.22
250,Shitanjing,CN,2022-11-23 03:41:50,39.2342,106.3439,49.44,22,34,20.49
251,Kamaishi,JP,2022-11-23 03:41:50,39.2667,141.8833,48.83,73,100,4.38
252,Xai-Xai,MZ,2022-11-23 03:41:50,-25.0519,33.6442,71.37,71,67,4.85
253,Sterling,US,2022-11-23 03:39:21,39.0062,-77.4286,44.89,59,0,3.44
254,Namibe,AO,2022-11-23 03:41:51,-15.1961,12.1522,71.64,73,97,5.35
255,Laguna,US,2022-11-23 03:41:51,38.421,-121.4238,54.32,67,0,0.0
256,Boueni,YT,2022-11-23 03:41:52,-12.9025,45.0761,78.78,74,0,4.23
257,Port Augusta,AU,2022-11-23 03:41:52,-32.5,137.7667,74.1,35,0,8.23
258,Yasothon,TH,2022-11-23 03:41:53,15.75,104.1333,83.89,69,100,5.91
259,Santa Rosa,PH,2022-11-23 03:41:46,14.3122,121.1114,89.58,73,100,10.11
260,Karratha,AU,2022-11-23 03:41:54,-20.7377,116.8463,88.27,44,61,12.21
261,Bredasdorp,ZA,2022-11-23 03:41:54,-34.5322,20.0403,59.47,76,5,4.76
262,Council Bluffs,US,2022-11-23 03:41:54,41.2619,-95.8608,47.28,43,0,0.0
263,North Myrtle Beach,US,2022-11-23 03:40:24,33.816,-78.68,57.25,70,20,5.75
264,Lahaina,US,2022-11-23 03:41:55,20.8783,-156.6825,78.8,81,4,10.6
265,Nantucket,US,2022-11-23 03:41:55,41.2835,-70.0995,50.11,62,40,13.8
266,Jalu,LY,2022-11-23 03:41:56,29.0331,21.5482,58.59,60,0,8.81
267,Ulaanbaatar,MN,2022-11-23 03:38:15,47.9077,106.8832,12.33,62,0,2.24
268,Mingshui,CN,2022-11-23 03:41:56,36.7167,117.5,58.95,54,0,5.1
269,Sorong,ID,2022-11-23 03:41:57,-0.8833,131.25,83.03,69,100,1.79
270,Hobyo,SO,2022-11-23 03:41:57,5.3505,48.5268,81.09,65,41,15.03
271,Lagoa,PT,2022-11-23 03:41:58,39.05,-27.9833,59.86,68,100,12.46
272,Svelgen,NO,2022-11-23 03:41:58,61.7685,5.2955,44.19,51,100,11.16
273,Limot,PH,2022-11-23 03:41:58,7.0405,126.2727,83.5,75,92,2.93
274,Darya Khan,PK,2022-11-23 03:41:59,31.7912,71.1039,70.12,23,0,3.04
275,Davila,PH,2022-11-23 03:41:59,18.4726,120.5763,85.98,69,69,5.01
276,Tigre,AR,2022-11-23 03:41:59,-34.426,-58.5796,66.22,63,0,1.14
277,San Patricio,US,2022-11-23 03:42:00,28.017,-97.5169,53.83,87,97,4.76
278,Bengkulu,ID,2022-11-23 03:42:00,-3.8004,102.2655,77.18,86,100,12.55
279,Aksu,CN,2022-11-23 03:42:01,41.1231,80.2644,41.4,22,99,2.21
280,Vao,NC,2022-11-23 03:42:01,-22.6667,167.4833,77.31,71,29,6.13
281,Leningradskiy,RU,2022-11-23 03:42:02,69.3833,178.4167,-11.16,94,100,7.18
282,Miri,MY,2022-11-23 03:42:02,4.4148,114.0089,89.74,66,20,4.61
283,Port Hardy,CA,2022-11-23 03:42:03,50.6996,-127.4199,42.98,100,75,2.3
284,Lorengau,PG,2022-11-23 03:42:03,-2.0226,147.2712,83.53,73,99,8.05
285,Emba,KZ,2022-11-23 03:42:04,48.8264,58.1442,36.28,98,100,13.42
286,Henties Bay,NA,2022-11-23 03:42:04,-22.116,14.2845,60.4,81,0,4.36
287,Iisalmi,FI,2022-11-23 03:42:05,63.5592,27.1907,17.22,91,96,3.96
288,Namatanai,PG,2022-11-23 03:42:05,-3.6667,152.4333,85.46,65,62,10.98
289,Killybegs,IE,2022-11-23 03:42:06,54.6333,-8.45,46.08,87,100,22.93
290,Slyudyanka,RU,2022-11-23 03:42:06,51.6594,103.7061,29.25,58,33,1.34
291,Sorland,NO,2022-11-23 03:42:07,67.667,12.6934,37.26,63,7,22.62
292,Alice Springs,AU,2022-11-23 03:42:08,-23.7,133.8833,60.35,67,100,5.75
293,Souillac,MU,2022-11-23 03:42:09,-20.5167,57.5167,77.38,83,40,3.44
294,Hailey,US,2022-11-23 03:40:51,43.5196,-114.3153,30.06,69,100,5.75
295,Alekseyevka,RU,2022-11-23 03:42:09,50.6309,38.6903,32.05,97,100,19.04
296,Vila Franca Do Campo,PT,2022-11-23 03:42:10,37.7167,-25.4333,64.81,93,100,0.09
297,Marakkanam,IN,2022-11-23 03:42:10,12.2,79.95,79.14,78,96,8.61
298,Vyshneve,UA,2022-11-23 03:42:11,50.3891,30.3705,30.16,93,96,3.49
299,Dudinka,RU,2022-11-23 03:42:11,69.4058,86.1778,-27.38,98,89,5.35
300,Wattegama,LK,2022-11-23 03:42:12,6.7989,81.4808,82.63,65,67,0.94
301,Batagay-Alyta,RU,2022-11-23 03:42:12,67.8006,130.4114,-26.09,89,23,3.27
302,Kruisfontein,ZA,2022-11-23 03:42:13,-34.0033,24.7314,59.88,79,1,4.81
303,Shimoda,JP,2022-11-23 03:42:13,34.6667,138.95,57.56,93,100,12.91
304,Tiarei,PF,2022-11-23 03:42:14,-17.5333,-149.3333,82.0,85,100,13.0
305,Ozinki,RU,2022-11-23 03:42:14,51.1786,49.6769,39.02,99,100,14.63
306,Kloulklubed,PW,2022-11-23 03:42:15,7.0419,134.2556,86.5,74,64,12.57
307,Agadez,NE,2022-11-23 03:42:15,19.75,10.25,62.2,24,100,10.38
308,Sao Paulo,BR,2022-11-23 03:41:25,-23.5475,-46.6361,71.46,91,100,8.05
309,Ajdabiya,LY,2022-11-23 03:42:16,30.7554,20.2263,59.11,52,78,11.68
310,Saquarema,BR,2022-11-23 03:42:16,-22.92,-42.5103,71.67,88,100,15.9
311,Mayumba,GA,2022-11-23 03:42:17,-3.432,10.6554,76.12,88,91,4.72
312,Kaoma,ZM,2022-11-23 03:42:17,-14.7833,24.8,62.64,95,63,4.97
313,Willowmore,ZA,2022-11-23 03:42:18,-33.2926,23.4895,60.93,81,0,2.17
314,Bijar,IR,2022-11-23 03:42:18,35.8668,47.6051,41.99,32,100,4.94
315,Hithadhoo,MV,2022-11-23 03:42:19,-0.6,73.0833,80.51,76,68,10.38
316,Scottsboro,US,2022-11-23 03:42:19,34.6723,-86.0341,48.07,75,20,0.0
317,Vanavara,RU,2022-11-23 03:42:20,60.34,102.2797,-2.09,95,100,10.8
318,Ambilobe,MG,2022-11-23 03:42:20,-13.2,49.05,77.67,75,24,3.27
319,Peace River,CA,2022-11-23 03:40:20,56.2501,-117.286,37.71,69,75,10.36
320,Gwadar,PK,2022-11-23 03:42:21,25.1216,62.3254,77.04,21,17,6.35
321,Sabang,ID,2022-11-23 03:42:21,5.8933,95.3214,81.21,74,91,15.77
322,Ploemeur,FR,2022-11-23 03:42:22,47.7333,-3.4333,56.82,94,75,13.8
323,Hasaki,JP,2022-11-23 03:42:22,35.7333,140.8333,55.8,90,100,20.69
324,Dzhebariki-Khaya,RU,2022-11-23 03:42:23,62.2167,135.8,-27.76,99,99,1.95
325,Road Town,VG,2022-11-23 03:42:26,18.4167,-64.6167,78.89,76,0,24.16
326,Pozhva,RU,2022-11-23 03:42:27,59.0912,56.0847,10.92,97,100,4.09
327,Kavaratti,IN,2022-11-23 03:42:27,10.5669,72.642,79.74,50,40,2.8
328,Nanortalik,GL,2022-11-23 03:42:28,60.1432,-45.2371,32.56,87,100,4.16
329,Itarema,BR,2022-11-23 03:42:28,-2.9248,-39.9167,78.69,76,35,15.75
330,Gisborne,NZ,2022-11-23 03:42:29,-38.6533,178.0042,73.15,35,3,9.57
331,Brokopondo,SR,2022-11-23 03:42:29,4.75,-55.1667,76.68,85,100,6.89
332,Ustye,RU,2022-11-23 03:42:30,59.6304,39.736,21.83,92,100,10.09
333,Novikovo,RU,2022-11-23 03:42:30,51.1537,37.8879,31.75,91,100,16.98
334,Jacmel,HT,2022-11-23 03:42:31,18.2342,-72.5347,80.44,83,17,1.48
335,Wilmington,US,2022-11-23 03:42:31,34.2257,-77.9447,55.9,73,75,1.01
336,Lumeje,AO,2022-11-23 03:42:31,-11.55,20.7833,65.93,92,100,1.92
337,Lavrentiya,RU,2022-11-23 03:42:32,65.5833,-171.0,4.62,90,100,15.59
338,Nemuro,JP,2022-11-23 03:42:32,43.3236,145.575,41.04,54,48,5.14
339,Viedma,AR,2022-11-23 03:42:32,-40.8135,-62.9967,68.41,44,98,6.87
340,Zhelyabovka,UA,2022-11-23 03:42:33,45.3988,34.7578,43.29,73,82,5.41
341,Rabo De Peixe,PT,2022-11-23 03:42:33,37.8,-25.5833,63.91,96,75,12.66
342,Teya,RU,2022-11-23 03:42:33,60.3778,92.6267,1.35,95,100,1.9
343,Turayf,SA,2022-11-23 03:42:34,31.6725,38.6637,53.85,71,0,12.66
344,Alma,CA,2022-11-23 03:42:34,48.5501,-71.6491,26.94,80,100,16.11
345,Lerwick,GB,2022-11-23 03:42:35,60.1545,-1.1494,46.4,85,100,31.12
346,Tongling,CN,2022-11-23 03:42:35,30.95,117.7833,61.52,72,97,4.7
347,Hobe Sound,US,2022-11-23 03:42:35,27.0595,-80.1364,74.98,91,100,0.0
348,Zhigansk,RU,2022-11-23 03:42:36,66.7697,123.3711,-26.27,97,100,3.58
349,Flinders,AU,2022-11-23 03:38:32,-34.5833,150.8552,79.18,49,7,11.99
350,Acapulco,MX,2022-11-23 03:42:36,16.8634,-99.8901,78.62,89,40,0.0
351,Iqaluit,CA,2022-11-23 03:42:36,63.7506,-68.5145,-2.31,84,20,6.91
352,Jizan,SA,2022-11-23 03:42:37,17.3333,42.6667,76.14,67,2,4.59
353,Verkhoyansk,RU,2022-11-23 03:42:37,67.5447,133.385,-32.22,99,99,0.85
354,Sitka,US,2022-11-23 03:42:38,57.0531,-135.33,44.49,81,100,9.22
355,Seoul,KR,2022-11-23 03:38:22,37.5683,126.9778,61.99,53,0,9.22
356,Honiara,SB,2022-11-23 03:42:38,-9.4333,159.95,86.22,67,75,6.22
357,Coaraci,BR,2022-11-23 03:42:39,-14.6408,-39.5511,68.99,98,100,0.65
358,Kutum,SD,2022-11-23 03:42:39,14.2,24.6667,60.94,37,13,6.73
359,Saint Simons,US,2022-11-23 03:40:19,31.1352,-81.3901,62.64,76,100,12.66
360,Bonthe,SL,2022-11-23 03:42:39,7.5264,-12.505,77.11,85,65,5.28
361,Vieques,PR,2022-11-23 03:42:40,18.425,-65.8329,78.82,83,40,6.91
362,Vestmannaeyjar,IS,2022-11-23 03:42:40,63.4427,-20.2734,38.41,54,55,20.51
363,Luau,AO,2022-11-23 03:42:40,-10.7073,22.2247,63.61,98,100,1.57
364,Arlit,NE,2022-11-23 03:42:41,18.7369,7.3853,68.92,20,100,7.07
365,Barcelos,PT,2022-11-23 03:42:41,41.5388,-8.6151,62.92,94,100,15.48
366,Nynashamn,SE,2022-11-23 03:42:41,58.9034,17.9479,34.16,73,100,15.84
367,Deputatskiy,RU,2022-11-23 03:42:42,69.3,139.9,-32.71,100,97,0.92
368,Havoysund,NO,2022-11-23 03:42:42,70.9963,24.6622,28.63,79,27,8.52
369,Norden,DE,2022-11-23 03:42:42,53.6,7.2,44.94,97,100,16.93
370,Fatsa,TR,2022-11-23 03:42:43,41.0278,37.5014,51.6,78,52,5.79
371,Savelugu,GH,2022-11-23 03:42:43,9.6244,-0.8253,75.07,32,3,4.54
372,Rancho Palos Verdes,US,2022-11-23 03:42:44,33.7445,-118.387,62.47,49,0,12.66
373,Tessalit,ML,2022-11-23 03:42:44,20.1986,1.0114,70.07,18,100,9.91
374,Dakar,SN,2022-11-23 03:42:44,14.6937,-17.4441,79.68,44,0,19.57
375,Sur,OM,2022-11-23 03:42:45,22.5667,59.5289,79.92,59,55,6.49
376,Torbay,CA,2022-11-23 03:42:45,47.6666,-52.7314,31.75,87,75,23.02
377,Grand Gaube,MU,2022-11-23 03:42:45,-20.0064,57.6608,80.38,68,2,8.99
378,Oparino,RU,2022-11-23 03:42:46,59.8518,48.2783,17.2,91,100,6.33
379,Dolzhanskaya,RU,2022-11-23 03:42:46,46.6311,37.8039,43.93,71,5,18.63
380,Kiama,AU,2022-11-23 03:40:33,-34.6833,150.8667,79.38,50,16,14.0
381,Banda Aceh,ID,2022-11-23 03:42:47,5.5577,95.3222,83.16,68,70,11.83
382,Half Moon Bay,US,2022-11-23 03:42:47,37.4636,-122.4286,58.39,73,0,18.41
383,Awjilah,LY,2022-11-23 03:42:48,29.1081,21.2869,58.51,61,0,9.44
384,Raudeberg,NO,2022-11-23 03:42:48,61.9875,5.1352,43.86,42,100,14.14
385,Takaungu,KE,2022-11-23 03:42:48,-3.6837,39.8566,78.04,87,80,5.23
386,Bathsheba,BB,2022-11-23 03:42:49,13.2167,-59.5167,81.21,83,40,21.85
387,Blackfoot,US,2022-11-23 03:42:49,43.1905,-112.345,27.41,87,100,2.64
388,Te Anau,NZ,2022-11-23 03:42:50,-45.4167,167.7167,54.79,57,86,9.1
389,Tornio,FI,2022-11-23 03:42:50,65.8481,24.1466,10.42,90,57,5.86
390,Norman Wells,CA,2022-11-23 03:42:50,65.282,-126.8329,17.64,93,100,10.36
391,Kanniyakumari,IN,2022-11-23 03:42:51,8.0833,77.5667,81.57,62,35,14.61
392,Cochrane,CA,2022-11-23 03:38:17,51.1834,-114.4687,39.47,75,100,4.61
393,Yulara,AU,2022-11-23 03:42:51,-25.2406,130.9889,76.32,27,100,19.62
394,Saint Anthony,US,2022-11-23 03:42:52,45.0205,-93.218,28.29,87,0,3.44
395,Saldanha,ZA,2022-11-23 03:42:52,-33.0117,17.9442,51.85,88,0,8.97
396,Santa Vitoria,BR,2022-11-23 03:42:52,-18.8386,-50.1214,70.27,90,100,3.58
397,Ilinskiy,RU,2022-11-23 03:42:53,55.619,38.1182,32.52,100,100,7.0
398,Tiznit,MA,2022-11-23 03:42:53,29.5833,-9.5,60.94,45,1,5.59
399,Umkomaas,ZA,2022-11-23 03:42:53,-30.2067,30.7978,71.67,85,51,8.16
400,Bambanglipuro,ID,2022-11-23 03:42:54,-7.95,110.2833,82.35,72,100,4.56
401,Bang Saphan,TH,2022-11-23 03:42:54,11.2126,99.5117,80.65,88,90,1.9
402,Javanrud,IR,2022-11-23 03:42:55,34.7961,46.5172,46.31,36,100,0.85
403,Zhezkazgan,KZ,2022-11-23 03:42:55,47.8043,67.7144,28.38,93,100,8.95
404,Imbituba,BR,2022-11-23 03:42:56,-28.24,-48.6703,68.65,97,52,4.21
405,Moree,AU,2022-11-23 03:42:56,-29.4667,149.85,78.96,26,58,12.15
406,Kenai,US,2022-11-23 03:42:56,60.5544,-151.2583,33.15,96,100,11.5
407,Caohai,CN,2022-11-23 03:42:57,26.8661,104.2841,56.66,66,98,9.35
408,Shirokiy,RU,2022-11-23 03:42:57,49.758,129.523,14.95,78,100,0.38
409,Pangai,TO,2022-11-23 03:42:57,-19.8,-174.35,82.51,69,20,11.5
410,Kaeo,NZ,2022-11-23 03:42:58,-35.1,173.7833,70.32,67,3,12.84
411,Tamiahua,MX,2022-11-23 03:42:58,21.2667,-97.45,66.04,83,97,8.59
412,Sungaipenuh,ID,2022-11-23 03:42:58,-2.0833,101.3833,70.12,83,100,4.12
413,Poum,NC,2022-11-23 03:42:59,-20.2333,164.0167,79.93,80,92,5.03
414,Goderich,CA,2022-11-23 03:42:59,43.7501,-81.7165,41.92,81,58,9.22
415,Palmer,US,2022-11-23 03:43:00,42.1584,-72.3287,37.81,77,75,0.0
416,Guanica,PR,2022-11-23 03:43:00,17.9716,-66.908,78.06,83,0,5.75
417,Liverpool,GB,2022-11-23 03:43:01,53.4106,-2.9779,43.34,94,84,8.05
418,Benghazi,LY,2022-11-23 03:43:01,32.1167,20.0667,68.4,49,100,16.55
419,Princeton,US,2022-11-23 03:43:01,25.5384,-80.4089,78.82,96,0,0.0
420,Krasnokamensk,RU,2022-11-23 03:43:02,50.0979,118.0369,8.58,83,9,3.02
421,Arman,RU,2022-11-23 03:43:02,59.7,150.1667,9.01,90,100,12.84
422,Tororo,UG,2022-11-23 03:43:03,0.693,34.1809,65.1,93,100,3.42
423,Langsa,ID,2022-11-23 03:43:03,4.4683,97.9683,81.77,75,100,2.26
424,Urusha,RU,2022-11-23 03:43:04,54.05,122.9,7.9,71,11,2.26
425,Talnakh,RU,2022-11-23 03:43:04,69.4865,88.3972,-27.8,99,100,1.21
426,Ambam,CM,2022-11-23 03:43:04,2.3833,11.2833,66.13,98,22,1.1
427,Takoradi,GH,2022-11-23 03:43:05,4.8845,-1.7554,78.49,82,58,4.74
428,Xushan,CN,2022-11-23 03:43:06,30.1764,121.2457,64.33,72,51,8.7
429,Taman,RU,2022-11-23 03:43:06,45.2117,36.7161,47.17,68,83,3.13
430,Lucapa,AO,2022-11-23 03:43:07,-8.4192,20.7447,64.02,98,100,1.12
431,Olavarria,AR,2022-11-23 03:43:07,-36.8927,-60.3225,63.01,61,89,10.6
432,Palembang,ID,2022-11-23 03:43:08,-2.9167,104.7458,80.69,83,40,3.44
433,Kieta,PG,2022-11-23 03:43:08,-6.2167,155.6333,86.09,61,38,4.23
434,Shingu,JP,2022-11-23 03:43:08,33.7333,135.9833,60.3,93,100,5.68
435,Calama,CL,2022-11-23 03:43:09,-22.4667,-68.9333,55.89,24,0,0.0
436,Chama,CH,2022-11-23 03:43:09,47.1821,8.4636,39.61,94,9,0.0
437,Moron,AR,2022-11-23 03:42:32,-34.6534,-58.6198,65.97,54,33,3.94
438,Sistranda,NO,2022-11-23 03:43:10,63.7256,8.834,39.16,58,100,33.4
439,Meadow Lake,US,2022-11-23 03:43:10,34.8014,-106.5436,43.39,33,100,1.16
440,Charters Towers,AU,2022-11-23 03:40:48,-20.1,146.2667,88.63,49,86,10.94
441,Vagur,FO,2022-11-23 03:43:11,61.4732,-6.8119,44.64,70,67,16.33
442,Archidona,ES,2022-11-23 03:43:12,37.0965,-4.3887,57.85,95,100,3.24
443,Puerto Escondido,MX,2022-11-23 03:43:12,15.85,-97.0667,78.62,78,36,4.45
444,Prince Albert,CA,2022-11-23 03:42:30,53.2001,-105.7677,22.95,86,100,2.3
445,Bella Vista,US,2022-11-23 03:43:13,36.4295,-94.2316,46.83,84,0,3.44
446,Dole,FR,2022-11-23 03:43:13,47.0833,5.5,40.5,93,0,3.44
447,Villa Bruzual,VE,2022-11-23 03:43:14,9.3328,-69.1208,72.66,89,5,4.79
448,Orbetello,IT,2022-11-23 03:43:14,42.4408,11.2196,41.02,78,22,6.89
449,Cap Malheureux,MU,2022-11-23 03:43:15,-19.9842,57.6142,80.47,68,1,8.99
450,Geraldton,AU,2022-11-23 03:43:15,-28.7667,114.6,73.81,60,4,13.8
451,Gibara,CU,2022-11-23 03:43:16,21.1097,-76.1317,78.12,83,90,15.55
452,Coihaique,CL,2022-11-23 03:43:16,-45.5752,-72.0662,58.95,58,75,6.91
453,Uthal,PK,2022-11-23 03:43:16,25.8072,66.6219,77.11,20,12,4.03
454,Itapaci,BR,2022-11-23 03:43:17,-14.9508,-49.5494,69.33,89,100,1.34
455,Sao Filipe,CV,2022-11-23 03:43:17,14.8961,-24.4956,78.91,58,58,13.67
456,Bardiyah,LY,2022-11-23 03:43:18,31.7561,25.0865,61.39,62,2,14.18
457,Pimentel,PE,2022-11-23 03:43:18,-6.8367,-79.9342,64.42,84,5,9.69
458,Kununurra,AU,2022-11-23 03:43:19,-15.7667,128.7333,89.58,58,75,9.22
459,Encheng,CN,2022-11-23 03:43:19,22.1839,112.3026,72.34,95,100,6.17
460,Flin Flon,CA,2022-11-23 03:43:20,54.7682,-101.865,23.72,95,99,6.15
461,Novo Oriente,BR,2022-11-23 03:43:20,-5.5344,-40.7742,76.15,48,10,0.87
462,East Haddam,US,2022-11-23 03:43:21,41.4532,-72.4612,48.06,72,0,5.75
463,Megion,RU,2022-11-23 03:43:21,61.0296,76.1136,-22.99,93,18,9.08
464,Ormara,PK,2022-11-23 03:43:22,25.2088,64.6357,76.17,27,73,7.78
465,Taveta,KE,2022-11-23 03:43:23,-3.3963,37.6736,70.12,82,60,4.21
466,Eau Claire,US,2022-11-23 03:43:23,44.8114,-91.4985,26.98,89,0,0.0
467,Teknaf,BD,2022-11-23 03:43:24,20.8624,92.3058,80.06,51,1,8.77
468,Kunashak,RU,2022-11-23 03:43:24,55.7032,61.5498,1.92,96,98,5.28
469,Magadan,RU,2022-11-23 03:43:25,59.5667,150.8,10.63,88,100,9.69
470,Derzhavinsk,KZ,2022-11-23 03:43:25,51.1,66.3167,9.79,94,76,6.17
471,Ventspils,LV,2022-11-23 03:43:26,57.3894,21.5606,30.13,86,100,8.05
472,Thanh Hoa,VN,2022-11-23 03:43:26,19.8,105.7667,74.34,91,99,2.37
473,Pierre,US,2022-11-23 03:42:15,44.3683,-100.351,37.27,69,0,5.01
474,Mwinilunga,ZM,2022-11-23 03:43:27,-11.7358,24.4293,60.21,99,100,2.53
475,Gat,IL,2022-11-23 03:39:03,31.61,34.7642,60.82,81,1,4.54
476,Thinadhoo,MV,2022-11-23 03:43:27,0.5333,72.9333,80.44,78,39,10.76
477,Manama,BH,2022-11-23 03:43:28,26.2154,50.5832,74.17,60,0,4.61
478,Vodnyy,RU,2022-11-23 03:43:29,63.5046,53.4095,-5.66,100,90,2.17
479,Uyuni,BO,2022-11-23 03:43:29,-20.4597,-66.825,46.89,29,96,12.55
480,Hefei,CN,2022-11-23 03:43:29,31.8639,117.2808,55.42,88,100,6.71
481,Sungairaya,ID,2022-11-23 03:43:30,0.7,108.9,88.61,59,55,9.1
482,Zyryanovsk,KZ,2022-11-23 03:43:30,49.7386,84.2719,19.87,91,100,4.38
483,Osorio,BR,2022-11-23 03:43:31,-29.8867,-50.2697,66.7,98,92,3.15
484,Rocha,UY,2022-11-23 03:43:31,-34.4833,-54.3333,51.28,93,0,4.14
485,Shagonar,RU,2022-11-23 03:43:32,51.5333,92.8,8.06,94,100,3.06
486,Kasaragod,IN,2022-11-23 03:43:32,12.5,75.0,82.18,62,100,1.86
487,Vysokaya Gora,RU,2022-11-23 03:43:33,55.9128,49.3017,24.98,92,100,13.62
488,Khonsa,IN,2022-11-23 03:43:33,27.0167,95.5667,69.75,44,10,4.36
489,Menongue,AO,2022-11-23 03:43:33,-14.6585,17.691,60.76,92,91,2.73
490,Oarai,JP,2022-11-23 03:43:34,36.3167,140.6,54.27,91,100,13.69
491,Huancabamba,PE,2022-11-23 03:43:34,-5.2386,-79.4506,55.74,77,63,3.18
492,Dandong,CN,2022-11-23 03:43:34,40.1292,124.3947,48.76,50,0,2.98
493,Jiwani,PK,2022-11-23 03:43:35,25.05,61.7417,76.03,23,15,10.16
494,Mosquera,CO,2022-11-23 03:41:09,4.7059,-74.2302,51.89,93,20,2.3
495,Neiafu,TO,2022-11-23 03:43:35,-18.65,-173.9833,83.08,78,40,10.36
496,Taoudenni,ML,2022-11-23 03:43:36,22.6783,-3.9836,63.09,17,100,10.89
497,Cicalengka,ID,2022-11-23 03:43:36,-6.3078,106.6164,89.67,68,100,7.52
498,Mizan Teferi,ET,2022-11-23 03:43:36,6.9833,35.5833,61.23,82,46,2.91
499,Porto Velho,BR,2022-11-23 03:43:37,-8.7619,-63.9039,75.25,94,75,4.61
500,Hongjiang,CN,2022-11-23 03:43:37,27.11,109.9956,63.36,74,96,3.56
501,Port-Gentil,GA,2022-11-23 03:43:37,-0.7193,8.7815,79.07,85,94,5.88
502,Kirovskiy,RU,2022-11-23 03:43:38,45.0917,133.5136,31.21,51,100,2.73
503,Wuxi,CN,2022-11-23 03:43:23,31.5689,120.2886,67.95,65,42,3.83
504,Hofn,IS,2022-11-23 03:43:38,64.2539,-15.2082,37.72,96,98,45.81
505,Hamilton,US,2022-11-23 03:43:11,39.1834,-84.5333,43.57,57,0,5.75
506,Angoche,MZ,2022-11-23 03:43:39,-16.2325,39.9086,78.87,76,6,8.1
507,Inongo,CD,2022-11-23 03:43:39,-1.95,18.2667,69.12,93,90,3.09
508,Ternate,ID,2022-11-23 03:43:40,0.8,127.4,84.45,69,98,5.1
509,Presidencia Roque Saenz Pena,AR,2022-11-23 03:43:40,-26.7852,-60.4388,59.99,48,0,2.8
510,Medicine Hat,CA,2022-11-23 03:42:00,50.0501,-110.6683,39.22,74,100,11.5
511,Zykovo,RU,2022-11-23 03:43:40,55.9519,93.1461,14.99,72,91,12.59
512,Kiunga,PG,2022-11-23 03:43:41,-6.1219,141.2906,88.88,63,93,1.28
513,Envira,BR,2022-11-23 03:43:41,-7.3,-70.2167,70.86,100,100,2.71
514,Grindavik,IS,2022-11-23 03:43:41,63.8424,-22.4338,37.87,60,0,18.41
515,Avera,US,2022-11-23 03:43:42,33.194,-82.5271,53.11,58,100,5.73
516,Gloucester,GB,2022-11-23 03:43:42,51.8657,-2.2431,46.8,86,63,5.99
517,Esna,EG,2022-11-23 03:43:42,25.2934,32.554,67.12,43,2,7.49
518,Bibiani,GH,2022-11-23 03:43:43,6.4635,-2.3194,69.76,99,22,1.61
519,Pokrovsk,UA,2022-11-23 03:43:43,48.282,37.1758,32.99,79,66,12.08
520,Santa Maria,BR,2022-11-23 03:40:30,-29.6842,-53.8069,60.1,100,0,2.3
521,Biharkeresztes,HU,2022-11-23 03:43:44,47.1333,21.7167,43.41,93,100,8.05
522,Zhoucheng,CN,2022-11-23 03:43:44,35.9122,116.3117,58.37,53,2,6.06
523,Pekalongan,ID,2022-11-23 03:43:44,-6.8886,109.6753,85.91,68,100,4.38
524,Bend,US,2022-11-23 03:40:33,44.0582,-121.3153,43.09,72,0,11.5
525,Sisimiut,GL,2022-11-23 03:43:45,66.9395,-53.6735,12.18,89,92,7.65
526,Luanda,AO,2022-11-23 03:42:43,-8.8368,13.2343,75.2,88,20,4.61
527,Quatre Cocos,MU,2022-11-23 03:43:45,-20.2078,57.7625,80.1,72,11,8.99
528,Nanga Eboko,CM,2022-11-23 03:43:46,4.6833,12.3667,65.12,79,12,0.58
529,Mackenzie,CA,2022-11-23 03:43:46,55.2999,-123.1698,30.42,93,20,6.91
530,Maracaibo,VE,2022-11-23 03:43:46,10.6317,-71.6406,75.67,91,0,6.85
531,Camacha,PT,2022-11-23 03:43:47,33.0833,-16.3333,62.02,88,40,5.75
532,Visby,SE,2022-11-23 03:43:47,57.6409,18.296,35.06,86,100,8.05
533,Esmeralda,CU,2022-11-23 03:43:47,21.8525,-78.1169,75.29,92,99,6.53
534,Puerto Baquerizo Moreno,EC,2022-11-23 03:43:48,-0.9,-89.6,69.03,90,44,7.14
535,Lappersdorf,DE,2022-11-23 03:43:48,49.0569,12.09,44.8,95,100,1.01
536,Romitan,UZ,2022-11-23 03:43:49,39.9343,64.3814,42.75,81,0,4.61
537,Houma,US,2022-11-23 03:43:49,29.5958,-90.7195,57.2,87,75,5.75
538,Baishishan,CN,2022-11-23 03:43:50,43.5833,127.5667,37.54,63,100,2.8
539,Padang,ID,2022-11-23 03:43:50,-0.9492,100.3543,81.46,73,91,3.67
540,Koulikoro,ML,2022-11-23 03:43:50,14.0,-7.75,65.88,20,63,8.52
541,Pitea,SE,2022-11-23 03:43:51,65.3172,21.4794,3.29,80,77,6.35
542,Salo,IT,2022-11-23 03:43:51,45.6086,10.531,39.33,70,70,6.11
543,Chicama,PE,2022-11-23 03:43:51,-7.8447,-79.1469,61.34,79,3,3.96
544,Chornoliztsi,UA,2022-11-23 03:43:52,48.8303,24.8958,28.81,97,100,7.52
545,Ewo,CG,2022-11-23 03:43:52,-0.8725,14.8206,70.23,95,100,3.02
546,Takapau,NZ,2022-11-23 03:43:52,-40.0333,176.35,63.73,45,2,18.75
547,Santa Cruz De La Palma,ES,2022-11-23 03:43:53,28.6835,-17.7642,69.94,64,100,11.5
548,Sao Jose Da Coroa Grande,BR,2022-11-23 03:43:53,-8.8978,-35.1478,75.74,78,38,7.07
549,Sungai Padi,TH,2022-11-23 03:43:54,6.0851,101.8766,87.58,62,81,2.86
550,Paragominas,BR,2022-11-23 03:42:51,-2.9667,-47.4833,77.23,82,75,1.48
551,Bamiantong,CN,2022-11-23 03:43:54,44.9333,130.5333,30.58,66,100,1.92
552,Odessa,UA,2022-11-23 03:43:55,46.4775,30.7326,47.61,76,93,11.95
553,Srednekolymsk,RU,2022-11-23 03:43:55,67.45,153.6833,-37.64,100,71,5.7
554,Smithers,CA,2022-11-23 03:43:55,54.7804,-127.1743,30.52,100,75,2.3
555,Meulaboh,ID,2022-11-23 03:43:56,4.1363,96.1285,81.61,73,39,4.03
556,Zaltan,LY,2022-11-23 03:43:56,32.947,11.8665,56.89,53,49,13.15
557,Loding,NO,2022-11-23 03:43:57,67.3,14.75,33.71,61,71,23.02
558,Beyneu,KZ,2022-11-23 03:43:57,45.3167,55.2,48.25,69,100,13.62
559,Kaniama,CD,2022-11-23 03:43:57,-7.5667,24.1833,60.75,97,85,1.3
560,Lesozavodsk,RU,2022-11-23 03:43:58,45.4794,133.4244,30.47,53,100,2.64
561,Panzhihua,CN,2022-11-23 03:43:58,26.5851,101.7128,68.0,50,21,1.07
562,Yuanping,CN,2022-11-23 03:43:59,38.7153,112.7575,47.73,54,26,3.27
563,Coquimbo,CL,2022-11-23 03:43:59,-29.9533,-71.3436,60.53,82,100,3.44
